"","Estimate","Std. Error","z value","Pr(>|z|)"
"(Intercept)",-7.54888947241657,0.213252196044774,-35.3988826958276,1.77641869184914e-274
"temp_grp14",-1.01570786985152,0.547456215496133,-1.85532256480281,0.0635501778086463
"temp_grp16",-0.531292918482678,0.640660082130672,-0.829289873525026,0.406940399640062
"temp_grp18",-0.943119724197562,0.379034112079147,-2.48821859073367,0.0128384795961836
"avg_length_m",21.102913103323,8.64117098225599,2.44213581083586,0.0146006528041372
"temp_grp14:avg_length_m",23.9903400011916,16.3507209490045,1.46723438532245,0.142312306018424
"temp_grp16:avg_length_m",17.8010410693513,20.2978800532499,0.8769901596941,0.38049198293284
"temp_grp18:avg_length_m",22.9333902516004,13.2102311686434,1.73603247050184,0.0825580933843393
