temp_grp,mean,se
12,0.086855452,0.007259616
14,0.099201488,0.012020827
16,0.11162019,0.01146979
18,0.083383429,0.012016873
